{"cameraMode":{"drawMode":0,"name":"Shaded","section":"Shading Mode"},"sceneLighting":true,"audioPlay":false,"sceneViewState":{"m_AlwaysRefresh":false,"showFog":true,"showSkybox":true,"showFlares":true,"showImageEffects":true,"showParticleSystems":true,"showVisualEffectGraphs":true,"m_FxEnabled":true},"in2DMode":false,"pivot":{"x":-2.4439611434936525,"y":-1.1145761013031006,"z":3.2241592407226564},"rotation":{"x":-0.22731488943099976,"y":0.6557747721672058,"z":-0.21717828512191773,"w":-0.6863825917243958},"size":4.463040828704834,"orthographic":true}